michunu,f22837bb-9abe-4289-9a6a-e14a0cd9a42b
kajbit555,2fdbd89d-3401-438e-bd11-0abef7a7dad9
teotm,55a4740f-d0da-4fb4-9eef-8f7bbbb3f9cf
gnomgames_,7cd636be-3a46-4f29-8043-3ecc92dfb868
rozekwiktor,06df3547-328c-4d63-ae4a-09605049b0d3
vean_funker,e3458fe5-a8ab-4d3b-85a8-ebdddbab9f16
stanford_2137,e5a9db13-4ce0-44ae-a7c5-f355a797f3f9
lopyrax,29285da4-79a7-4462-aac4-31d32d2c484d
kaskudek,73460f27-bfc1-4b5b-9250-cc52159bcce7
cuteofdeath,35a23ee6-2bae-43b2-96c0-c419349abea1
posejdonek_69,d2b171b6-bb7a-40c4-8392-b99cda3db7a6
lolmaxoof,639b8aa2-3367-4bfc-a6aa-d00fcd6c473e
ori_fj,58753c1d-5052-4cec-b758-a18ee998ecba
